,equipments,Price
0,Manogyam Fitness Combo Of Double Spring Tummy Trimmer a...,₹359
1,ADONYX Toning Tube With Door Anchor for All Type Resist...,₹392
2,Manogyam Fitness Combo Of Toning Tube with Hand Grip fo...,₹249
3,Khargadham Multifunctioneel High Quality Home Gym Push ...,₹289
4,AJRO DEAL DOUBLE SPRING AB EXERCISER TUMMY TRIMMER & SW...,₹598
5,Khargadham Up To 100 LBS Stackable Resistance Tubes wit...,₹180
6,KRX PVC 40 Kg Home Gym Set with 3 Ft Curl & 5 Ft plain ...,"₹2,299"
7,APTITUDE 30 Kg PVC Home Gym set with Curl Rod & Accesso...,₹949
8,Tucker 10kg Dumbbells & Barbell Home Gym Set Kit For Ho...,₹599
9,AKTIV 3 In 1 Convertible Dumbbells & Barbell Home Gym F...,"₹1,899"
10,"Manogyam Back Stretcher,Spine Back Pain Relief Products...",₹329
11,APTITUDE 28 Kg PVC Home Gym set with Curl Rod & Accesso...,₹839
12,"DreamFit 30 kg Home gym with 3ft Straight , 3ft Curl Ro...",₹349
13,Pascal 20 KG WB - SL HOME GYM KIT WITH 3FT CURL ROD AND...,₹279
14,JASMINE 3Kg Pair PVC Black Fixed Weight Dumbbell (6 kg)...,₹229
15,"ADONYX Toning Tube With Skipping Rope, Speed Rope For f...",₹899
16,COOL INDIANS BEST QUALITY HAND GRIP EXERCISER/STRENGTHE...,₹425
17,"BULLAR Dumbbells Set, Home Gym Set With 8Kg PVC Plates,...",₹499
18,Manogyam Combo OF For Home Gym Fitness Double Toning Tu...,₹299
19,APTITUDE 25 Kg PVC Home Gym set with Curl Rod & Accesso...,"₹1,252"
20,JASMINE 3 In 1 Convertible Dumbbells & Barbell Home Gym...,₹428
21,BRPEARl Push Up Board - Complete Push Up Training Syste...,₹242
22,VICTORY Best Combo Fitness Gym Belt (M) Size (30-34) & ...,₹269
23,"Manogyam For Home Gym Fitness Double Toning Tube,Tummy ...",₹848
24,ADONYX Toning Tube with D Handle Fitness Rope and Hand ...,₹329
25,corso Black skipping rope + Black foam hand grip Fitnes...,"₹1,723"
26,Krin Fitness PVC Home Gym Set (2.5Kg*4) 10kg Plate with...,₹152
27,SOOPPASWAY multipurpose single spring tummy trimmer ab ...,₹809
28,JASMINE 10KG (2.5KG X 4) PVC Dumbbell Set Home Gym KIT ...,₹549
29,SX FITNESS PVC Home Gym Set (2.5Kg*4) Plate with Dumbbe...,₹439
30,Best-Quality-Hub Tummy Trimmer Toning Tube for Stretchi...,₹325
31,XSAW Weight Lifting Fitness Gym Gloves and Wrist Strap ...,₹739
32,Top Quality Store Tummy Trimmer + Exercise Resistance T...,₹238
33,Khargadham Combo For Core Fitness Ab Wheel & Pushup Bar...,₹289
34,"BULLAR Dumbbells Set, Home Gym Set With 10Kg PVC Plates...","₹1,614"
35,"SOOPPASWAY combo of single spring tummy trimmer, ab exe...",₹849
36,APTITUDE PVC 25 Kg Home Gym Set with 3 Ft Curl Rod & 1 ...,₹399
37,GORMERY Multifunctional Foldable Home Exercise Fitness ...,"₹2,149"
38,"BULLAR 10Kg Dumbbells, Dumbbells Set With PVC Plates (2...",₹398
39,Growskv Combo of Double Spring Tummy Trimmer ABS Exerci...,₹848
